c1,c2,c3,c4,k31,k41,k51,num_trial
1.7833270588226744,-0.8587792255823793,0.4208742933177562,1.181000230954765,2.4616146829910392,-4.584354499917782,-1.8595865245667351,0
1.780796347939875,-0.8587794263950913,0.4208705254432505,1.0985486808057303,2.4766968646005134,-4.422366975803479,-2.5851556330692382,0
1.780796347939875,-0.8587794263950913,0.4208705254432505,1.0985486808057303,2.4766968646005134,-4.422366975803479,-2.5851556330692382,0
1.780796347939875,-0.8587794263950913,0.4208705254432505,1.0985486808057303,2.4766968646005134,-4.422366975803479,-2.5851556330692382,0
1.780796347939875,-0.8587794263950913,0.4208705254432505,1.0985486808057303,2.4766968646005134,-4.422366975803479,-2.5851556330692382,0
1.780796347939875,-0.8587794263950913,0.4208705254432505,1.0985486808057303,2.4766968646005134,-4.422366975803479,-2.5851556330692382,0
1.780796347939875,-0.8587794263950913,0.4208705254432505,1.0985486808057303,2.4766968646005134,-4.422366975803479,-2.5851556330692382,0
1.780796347939875,-0.8587794263950913,0.4208705254432505,1.0985486808057303,2.4766968646005134,-4.422366975803479,-2.5851556330692382,0
1.7815105069457455,-0.858782926208574,0.4208703195745038,1.033181608845389,2.4506422885529977,-4.518396968361985,-2.2565447284544806,0
1.7815546670717928,-0.8587795290750625,0.42087442939271813,1.112565738322839,2.41353995774461,-4.4973363394120165,-2.181222032093033,0
3.4732745912141176,-1.6867798414647266,0.5067693696598893,2.0200578115944574,-8.372158467830417,-3.1649691619444575,3.4704846260214595,1
3.4732745912141176,-1.6867798414647266,0.5067693696598893,2.0200578115944574,-8.372158467830417,-3.1649691619444575,3.4704846260214595,1
3.4732745912141176,-1.6867798414647266,0.5067693696598893,2.0200578115944574,-8.372158467830417,-3.1649691619444575,3.4704846260214595,1
3.4732745912141176,-1.6867798414647266,0.5067693696598893,2.0200578115944574,-8.372158467830417,-3.1649691619444575,3.4704846260214595,1
3.4725125239964845,-1.6867798086334869,0.5067675691647336,2.036723299239085,-8.908220241080913,-3.5051461282980325,3.470526604950397,1
3.4725125239964845,-1.6867798086334869,0.5067675691647336,2.036723299239085,-8.908220241080913,-3.5051461282980325,3.470526604950397,1
3.4725125239964845,-1.6867798086334869,0.5067675691647336,2.036723299239085,-8.908220241080913,-3.5051461282980325,3.470526604950397,1
3.4725125239964845,-1.6867798086334869,0.5067675691647336,2.036723299239085,-8.908220241080913,-3.5051461282980325,3.470526604950397,1
3.4725125239964845,-1.6867798086334869,0.5067675691647336,2.036723299239085,-8.908220241080913,-3.5051461282980325,3.470526604950397,1
3.4596712753528207,-1.6867797240170646,0.5067693913398575,2.1140998467859022,-8.385007716852996,-3.043034165502996,3.4705004896657554,1
2.946922150460668,-1.6639742939483975,0.47069680896943794,2.3931133357051193,-3.428170622649341,3.1833237534813303,2.7430414092254405,2
2.946922150460668,-1.6639742939483975,0.47069680896943794,2.3931133357051193,-3.428170622649341,3.1833237534813303,2.7430414092254405,2
2.946915585910233,-1.664653358404023,0.4707722377268862,2.4467658786594386,-3.8159018169354937,3.2194371121134626,2.740374108451471,2
2.9468806807212804,-1.6641578763453218,0.4707335713396133,2.4678238919971185,-4.696567845173654,3.1945604568564168,2.7412517171860955,2
2.9468806807212804,-1.6641578763453218,0.4707335713396133,2.4678238919971185,-4.696567845173654,3.1945604568564168,2.7412517171860955,2
2.9468806807212804,-1.6641578763453218,0.4707335713396133,2.4678238919971185,-4.696567845173654,3.1945604568564168,2.7412517171860955,2
2.946893331655856,-1.6644940165724151,0.47074942978082557,2.3464176900677383,-5.5823952251749525,3.1909689088126467,2.739405847896712,2
2.946893331655856,-1.6644940165724151,0.47074942978082557,2.3464176900677383,-5.5823952251749525,3.1909689088126467,2.739405847896712,2
2.9469027933217604,-1.6637724159134037,0.470700395760615,2.3166338592613696,-4.150857193910353,3.083372087507266,2.742048692169017,2
2.9469027933217604,-1.6637724159134037,0.470700395760615,2.3166338592613696,-4.150857193910353,3.083372087507266,2.742048692169017,2
2.9173386361010696,-1.5854673550374558,1.2164493601107451,-5.074075479602659,-1.1832752769935795,3.181874513672493,-1.8462472997783976,3
2.9173386361010696,-1.5854673550374558,1.2164493601107451,-5.074075479602659,-1.1832752769935795,3.181874513672493,-1.8462472997783976,3
2.9173605224712693,-1.5854611454972252,1.208174410353582,-3.354168618306275,-1.189637690352045,3.172278155886961,-1.777432635887572,3
2.9173544018055706,-1.585465737136877,1.2276447969616244,-3.9365433968836414,-1.1899592420054261,3.174526762490501,-1.7820740013727558,3
2.9173544018055706,-1.585465737136877,1.2276447969616244,-3.9365433968836414,-1.1899592420054261,3.174526762490501,-1.7820740013727558,3
2.9173544018055706,-1.585465737136877,1.2276447969616244,-3.9365433968836414,-1.1899592420054261,3.174526762490501,-1.7820740013727558,3
2.917331580494619,-1.5853092890730252,1.1605046079843195,-3.36368257066899,-1.1775237075665173,3.1295534397204996,-1.296732841481366,3
2.917331580494619,-1.5853092890730252,1.1605046079843195,-3.36368257066899,-1.1775237075665173,3.1295534397204996,-1.296732841481366,3
2.917331580494619,-1.5853092890730252,1.1605046079843195,-3.36368257066899,-1.1775237075665173,3.1295534397204996,-1.296732841481366,3
2.917331580494619,-1.5853092890730252,1.1605046079843195,-3.36368257066899,-1.1775237075665173,3.1295534397204996,-1.296732841481366,3
2.998861961549968,-1.6177390270552119,0.5482405450283374,0.6997670801319187,-6.6073288809562944,1.3558353478216427,3.2693929121441396,4
2.998861961549968,-1.6177390270552119,0.5482405450283374,0.6997670801319187,-6.6073288809562944,1.3558353478216427,3.2693929121441396,4
2.998861961549968,-1.6177390270552119,0.5482405450283374,0.6997670801319187,-6.6073288809562944,1.3558353478216427,3.2693929121441396,4
2.998861961549968,-1.6177390270552119,0.5482405450283374,0.6997670801319187,-6.6073288809562944,1.3558353478216427,3.2693929121441396,4
2.998861961549968,-1.6177390270552119,0.5482405450283374,0.6997670801319187,-6.6073288809562944,1.3558353478216427,3.2693929121441396,4
2.998861961549968,-1.6177390270552119,0.5482405450283374,0.6997670801319187,-6.6073288809562944,1.3558353478216427,3.2693929121441396,4
2.998871848698567,-1.6177320808855677,0.5482507002776145,0.6991491817767901,-4.244099695889837,1.3194884349101965,3.268474648477838,4
2.998871848698567,-1.6177320808855677,0.5482507002776145,0.6991491817767901,-4.244099695889837,1.3194884349101965,3.268474648477838,4
2.998871848698567,-1.6177320808855677,0.5482507002776145,0.6991491817767901,-4.244099695889837,1.3194884349101965,3.268474648477838,4
2.998871848698567,-1.6177320808855677,0.5482507002776145,0.6991491817767901,-4.244099695889837,1.3194884349101965,3.268474648477838,4
3.0564510568159204,-1.6002219935279323,1.0930000020911734,0.12768104436260813,-2.8989960224033937,3.244441300047877,3.020575999380614,5
3.0564510568159204,-1.6002219935279323,1.0930000020911734,0.12768104436260813,-2.8989960224033937,3.244441300047877,3.020575999380614,5
3.0564510568159204,-1.6002219935279323,1.0930000020911734,0.12768104436260813,-2.8989960224033937,3.244441300047877,3.020575999380614,5
3.0564510568159204,-1.6002219935279323,1.0930000020911734,0.12768104436260813,-2.8989960224033937,3.244441300047877,3.020575999380614,5
3.0561288531111592,-1.6003211936970472,1.1166716159198962,-0.4120868200644717,-2.8933776047027595,3.2448505843021156,0.8338653682608984,5
3.0561288531111592,-1.6003211936970472,1.1166716159198962,-0.4120868200644717,-2.8933776047027595,3.2448505843021156,0.8338653682608984,5
3.0561288531111592,-1.6003211936970472,1.1166716159198962,-0.4120868200644717,-2.8933776047027595,3.2448505843021156,0.8338653682608984,5
3.0561288531111592,-1.6003211936970472,1.1166716159198962,-0.4120868200644717,-2.8933776047027595,3.2448505843021156,0.8338653682608984,5
3.0561288531111592,-1.6003211936970472,1.1166716159198962,-0.4120868200644717,-2.8933776047027595,3.2448505843021156,0.8338653682608984,5
3.0561288531111592,-1.6003211936970472,1.1166716159198962,-0.4120868200644717,-2.8933776047027595,3.2448505843021156,0.8338653682608984,5
2.948774418396208,-1.598969619455421,0.4919835411067306,1.8946700893246997,-3.1289602782255197,3.5405739945799173,1.082995706137369,6
2.9487703636392775,-1.5990392170767933,0.4919840632476933,1.895084385405883,-3.116069492571218,3.530981117043796,1.1133078143643824,6
2.9487703636392775,-1.5990392170767933,0.4919840632476933,1.895084385405883,-3.116069492571218,3.530981117043796,1.1133078143643824,6
2.9487703636392775,-1.5990392170767933,0.4919840632476933,1.895084385405883,-3.116069492571218,3.530981117043796,1.1133078143643824,6
2.9487703636392775,-1.5990392170767933,0.4919840632476933,1.895084385405883,-3.116069492571218,3.530981117043796,1.1133078143643824,6
2.9487703636392775,-1.5990392170767933,0.4919840632476933,1.895084385405883,-3.116069492571218,3.530981117043796,1.1133078143643824,6
2.9487703636392775,-1.5990392170767933,0.4919840632476933,1.895084385405883,-3.116069492571218,3.530981117043796,1.1133078143643824,6
2.94877514410479,-1.5989650494953922,0.49198414618953823,1.9315846667419656,-3.1242821424125795,3.548898370917838,1.2017579296806353,6
2.94877514410479,-1.5989650494953922,0.49198414618953823,1.9315846667419656,-3.1242821424125795,3.548898370917838,1.2017579296806353,6
2.9487863187609062,-1.5989874807667994,0.492000402498322,1.8754807779020135,-3.129198905594625,3.543092129814684,1.0944118629909498,6
2.676230517290971,-1.581104881375818,0.5115010670376691,0.17638526176955827,-0.29092794806735073,1.7914543300859802,1.0197897134997773,7
2.676230517290971,-1.581104881375818,0.5115010670376691,0.17638526176955827,-0.29092794806735073,1.7914543300859802,1.0197897134997773,7
2.676230517290971,-1.581104881375818,0.5115010670376691,0.17638526176955827,-0.29092794806735073,1.7914543300859802,1.0197897134997773,7
2.676230517290971,-1.581104881375818,0.5115010670376691,0.17638526176955827,-0.29092794806735073,1.7914543300859802,1.0197897134997773,7
2.676230517290971,-1.581104881375818,0.5115010670376691,0.17638526176955827,-0.29092794806735073,1.7914543300859802,1.0197897134997773,7
2.676230517290971,-1.581104881375818,0.5115010670376691,0.17638526176955827,-0.29092794806735073,1.7914543300859802,1.0197897134997773,7
2.676202945320485,-1.58104796821004,0.5112663366203523,0.23941273258393775,-0.2909836923830078,1.7770850035239572,1.542151138284889,7
2.676202945320485,-1.58104796821004,0.5112663366203523,0.23941273258393775,-0.2909836923830078,1.7770850035239572,1.542151138284889,7
2.676202945320485,-1.58104796821004,0.5112663366203523,0.23941273258393775,-0.2909836923830078,1.7770850035239572,1.542151138284889,7
2.676202945320485,-1.58104796821004,0.5112663366203523,0.23941273258393775,-0.2909836923830078,1.7770850035239572,1.542151138284889,7
2.3099826969252972,-2.043268112137172,0.6950792394433931,7.8354796607978825,-5.094152889193323,-2.3147575977969304,-6.588059658036457,8
2.2543645924958895,-2.041244308111613,0.6956380669250344,7.298691022269449,-1.2705199744624198,-1.3324577074086363,-6.1365890640611775,8
2.2543645924958895,-2.041244308111613,0.6956380669250344,7.298691022269449,-1.2705199744624198,-1.3324577074086363,-6.1365890640611775,8
2.2543645924958895,-2.041244308111613,0.6956380669250344,7.298691022269449,-1.2705199744624198,-1.3324577074086363,-6.1365890640611775,8
2.2543645924958895,-2.041244308111613,0.6956380669250344,7.298691022269449,-1.2705199744624198,-1.3324577074086363,-6.1365890640611775,8
2.2543645924958895,-2.041244308111613,0.6956380669250344,7.298691022269449,-1.2705199744624198,-1.3324577074086363,-6.1365890640611775,8
2.301240920219388,-2.0431513697527333,0.7217570058630152,7.4126223660261275,-1.9674605765801205,-10.070767347100045,-7.0056444851257975,8
2.301240920219388,-2.0431513697527333,0.7217570058630152,7.4126223660261275,-1.9674605765801205,-10.070767347100045,-7.0056444851257975,8
2.301240920219388,-2.0431513697527333,0.7217570058630152,7.4126223660261275,-1.9674605765801205,-10.070767347100045,-7.0056444851257975,8
2.301240920219388,-2.0431513697527333,0.7217570058630152,7.4126223660261275,-1.9674605765801205,-10.070767347100045,-7.0056444851257975,8
2.890866254551056,-1.619668204405261,0.365964349531667,1.8283255875618551,-4.124570789226878,3.0052256544108875,1.101848265963684,9
2.890866254551056,-1.619668204405261,0.365964349531667,1.8283255875618551,-4.124570789226878,3.0052256544108875,1.101848265963684,9
2.8908332166882693,-1.6197032824311777,0.3645887525970275,1.8395764696334929,-5.5591052548787445,3.025060394381213,0.5880721029127706,9
2.8908332166882693,-1.6197032824311777,0.3645887525970275,1.8395764696334929,-5.5591052548787445,3.025060394381213,0.5880721029127706,9
2.8908332166882693,-1.6197032824311777,0.3645887525970275,1.8395764696334929,-5.5591052548787445,3.025060394381213,0.5880721029127706,9
2.8908332166882693,-1.6197032824311777,0.3645887525970275,1.8395764696334929,-5.5591052548787445,3.025060394381213,0.5880721029127706,9
2.890843830376009,-1.6196744784745045,0.36266386147144336,1.839857699423501,-5.308335924788176,3.026181894262441,0.6369912161513717,9
2.890843830376009,-1.6196744784745045,0.36266386147144336,1.839857699423501,-5.308335924788176,3.026181894262441,0.6369912161513717,9
2.890843830376009,-1.6196744784745045,0.36266386147144336,1.839857699423501,-5.308335924788176,3.026181894262441,0.6369912161513717,9
2.8908330455434434,-1.619722839197531,0.3680469003818443,1.8397944186335,-5.652013492101743,2.994882036805195,1.2368312058960114,9
2.931326146761738,-1.604969024650274,0.5619689418009863,-0.06480659879936744,-1.3550299429333021,2.176346262769007,2.261948842248464,10
2.931326146761738,-1.604969024650274,0.5619689418009863,-0.06480659879936744,-1.3550299429333021,2.176346262769007,2.261948842248464,10
2.931326146761738,-1.604969024650274,0.5619689418009863,-0.06480659879936744,-1.3550299429333021,2.176346262769007,2.261948842248464,10
2.931326146761738,-1.604969024650274,0.5619689418009863,-0.06480659879936744,-1.3550299429333021,2.176346262769007,2.261948842248464,10
2.931326146761738,-1.604969024650274,0.5619689418009863,-0.06480659879936744,-1.3550299429333021,2.176346262769007,2.261948842248464,10
2.931326146761738,-1.604969024650274,0.5619689418009863,-0.06480659879936744,-1.3550299429333021,2.176346262769007,2.261948842248464,10
2.9313189824719093,-1.604799001018592,0.5619533252640884,-0.07812896794981493,-1.384054620385341,2.1772754338418365,2.26098886011145,10
2.9313189824719093,-1.604799001018592,0.5619533252640884,-0.07812896794981493,-1.384054620385341,2.1772754338418365,2.26098886011145,10
2.9313189824719093,-1.604799001018592,0.5619533252640884,-0.07812896794981493,-1.384054620385341,2.1772754338418365,2.26098886011145,10
2.9313189824719093,-1.604799001018592,0.5619533252640884,-0.07812896794981493,-1.384054620385341,2.1772754338418365,2.26098886011145,10
3.007171140988412,-1.5832761862408835,0.41240062451261006,0.41571988777261415,-5.10770233839678,2.102005669371375,-1.4413896018910668,11
3.007171140988412,-1.5832761862408835,0.41240062451261006,0.41571988777261415,-5.10770233839678,2.102005669371375,-1.4413896018910668,11
3.007171140988412,-1.5832761862408835,0.41240062451261006,0.41571988777261415,-5.10770233839678,2.102005669371375,-1.4413896018910668,11
3.007173058903094,-1.583273828978526,0.41239483447303216,0.4212012709868649,-5.110133543650482,2.0872827982845763,-1.567469108658897,11
3.007172946358842,-1.5832782213874874,0.4124004002502726,0.3973892855018037,-5.114686245957514,2.141634810558555,-1.2662089041294449,11
3.007172946358842,-1.5832782213874874,0.4124004002502726,0.3973892855018037,-5.114686245957514,2.141634810558555,-1.2662089041294449,11
3.007172946358842,-1.5832782213874874,0.4124004002502726,0.3973892855018037,-5.114686245957514,2.141634810558555,-1.2662089041294449,11
3.007172946358842,-1.5832782213874874,0.4124004002502726,0.3973892855018037,-5.114686245957514,2.141634810558555,-1.2662089041294449,11
3.007171057214885,-1.5832764847400427,0.41239573715285993,0.40039708893470505,-5.110145134043018,2.112427805852893,-1.2163819012608688,11
3.007171057214885,-1.5832764847400427,0.41239573715285993,0.40039708893470505,-5.110145134043018,2.112427805852893,-1.2163819012608688,11
2.21917335852782,-1.9875174066844021,1.0550675622561325,-2.6439729453187715,-7.148213383117441,-5.16725262279374,-1.0834576454719331,12
2.21917335852782,-1.9875174066844021,1.0550675622561325,-2.6439729453187715,-7.148213383117441,-5.16725262279374,-1.0834576454719331,12
2.21917335852782,-1.9875174066844021,1.0550675622561325,-2.6439729453187715,-7.148213383117441,-5.16725262279374,-1.0834576454719331,12
2.21917335852782,-1.9875174066844021,1.0550675622561325,-2.6439729453187715,-7.148213383117441,-5.16725262279374,-1.0834576454719331,12
2.21917335852782,-1.9875174066844021,1.0550675622561325,-2.6439729453187715,-7.148213383117441,-5.16725262279374,-1.0834576454719331,12
2.2191260577466667,-1.9858346360115717,1.055085916302929,-3.0130967582099895,-7.2067949012323655,-4.995912632399673,-1.3706159025990379,12
2.2191260577466667,-1.9858346360115717,1.055085916302929,-3.0130967582099895,-7.2067949012323655,-4.995912632399673,-1.3706159025990379,12
2.2191901683193453,-1.9866700117738956,1.055216616843425,-3.2260091380031595,-7.215921650131017,-5.246721829262978,-1.331163342016233,12
2.2191856666412786,-1.987358598960371,1.0552211948178716,-2.99800701779141,-7.720492715618141,-5.080237932232633,-1.4906970853685095,12
2.2191856666412786,-1.987358598960371,1.0552211948178716,-2.99800701779141,-7.720492715618141,-5.080237932232633,-1.4906970853685095,12
2.98324821158284,-1.5793955262736172,0.36663497249303645,0.428268393101808,-1.6431988325859697,1.7820278394823528,2.2118481362829576,13
2.98324821158284,-1.5793955262736172,0.36663497249303645,0.428268393101808,-1.6431988325859697,1.7820278394823528,2.2118481362829576,13
2.98324821158284,-1.5793955262736172,0.36663497249303645,0.428268393101808,-1.6431988325859697,1.7820278394823528,2.2118481362829576,13
2.98324821158284,-1.5793955262736172,0.36663497249303645,0.428268393101808,-1.6431988325859697,1.7820278394823528,2.2118481362829576,13
2.98324821158284,-1.5793955262736172,0.36663497249303645,0.428268393101808,-1.6431988325859697,1.7820278394823528,2.2118481362829576,13
2.98324821158284,-1.5793955262736172,0.36663497249303645,0.428268393101808,-1.6431988325859697,1.7820278394823528,2.2118481362829576,13
2.9831895070921854,-1.5794497036935047,0.36663783498515734,0.4264223987560168,-1.6871384683813324,1.4343108935799467,1.0304777907262397,13
2.9831895070921854,-1.5794497036935047,0.36663783498515734,0.4264223987560168,-1.6871384683813324,1.4343108935799467,1.0304777907262397,13
2.9831895070921854,-1.5794497036935047,0.36663783498515734,0.4264223987560168,-1.6871384683813324,1.4343108935799467,1.0304777907262397,13
2.9831895070921854,-1.5794497036935047,0.36663783498515734,0.4264223987560168,-1.6871384683813324,1.4343108935799467,1.0304777907262397,13
2.9867523221066508,-1.5908857588505225,0.41745868395947844,1.2125940454747055,-6.140851159049848,-2.8045263505049394,2.724312010141022,14
2.986753453255429,-1.5908913858881688,0.4174778781410432,1.197661366130626,-6.137267648282528,-2.9070277113291048,2.7230124259931356,14
2.986754001839034,-1.5908801677942035,0.41741474424288905,1.1974118814486676,-7.613469626182551,-2.8316791852484147,2.7249810376472703,14
2.9867532666056107,-1.5908893644217241,0.4174587283347222,1.1935209548200283,-6.114511519566333,-2.946215647195241,2.725094226632715,14
2.9867532666056107,-1.5908893644217241,0.4174587283347222,1.1935209548200283,-6.114511519566333,-2.946215647195241,2.725094226632715,14
2.9867532666056107,-1.5908893644217241,0.4174587283347222,1.1935209548200283,-6.114511519566333,-2.946215647195241,2.725094226632715,14
2.9867532666056107,-1.5908893644217241,0.4174587283347222,1.1935209548200283,-6.114511519566333,-2.946215647195241,2.725094226632715,14
2.9867532666056107,-1.5908893644217241,0.4174587283347222,1.1935209548200283,-6.114511519566333,-2.946215647195241,2.725094226632715,14
2.986754221942512,-1.5908834718557132,0.41747483020848625,1.2207256414134753,-10.028692203227868,-2.8419297591235884,2.7220983769136904,14
2.986754221942512,-1.5908834718557132,0.41747483020848625,1.2207256414134753,-10.028692203227868,-2.8419297591235884,2.7220983769136904,14
2.721417369672136,-1.5959460874657985,1.6745266041938303,-7.834481760873702,-0.4538115315127563,3.524655511526762,2.866194541639377,15
2.721417369672136,-1.5959460874657985,1.6745266041938303,-7.834481760873702,-0.4538115315127563,3.524655511526762,2.866194541639377,15
2.721417369672136,-1.5959460874657985,1.6745266041938303,-7.834481760873702,-0.4538115315127563,3.524655511526762,2.866194541639377,15
2.721413616176525,-1.5960576806609206,1.6720916530244625,-8.78494697013897,-0.45533885525528506,3.52576938821099,2.4149045726066984,15
2.721413616176525,-1.5960576806609206,1.6720916530244625,-8.78494697013897,-0.45533885525528506,3.52576938821099,2.4149045726066984,15
2.721413616176525,-1.5960576806609206,1.6720916530244625,-8.78494697013897,-0.45533885525528506,3.52576938821099,2.4149045726066984,15
2.72137747626581,-1.595893365486825,1.6731975940624628,-9.541397599725302,-0.4539435097045258,3.5212570042519844,3.288649318040583,15
2.72137747626581,-1.595893365486825,1.6731975940624628,-9.541397599725302,-0.4539435097045258,3.5212570042519844,3.288649318040583,15
2.721411855554013,-1.596085558886778,1.670929968584686,-8.986496809999108,-0.45393457560199013,3.5269061650034503,3.783647616473661,15
2.721411855554013,-1.596085558886778,1.670929968584686,-8.986496809999108,-0.45393457560199013,3.5269061650034503,3.783647616473661,15
2.9252464129831246,-1.6125950879587692,0.47415651528806096,1.1658931384606301,-4.424152922382492,2.200507624199821,2.8088137230561525,16
2.9252464129831246,-1.6125950879587692,0.47415651528806096,1.1658931384606301,-4.424152922382492,2.200507624199821,2.8088137230561525,16
2.9252464129831246,-1.6125950879587692,0.47415651528806096,1.1658931384606301,-4.424152922382492,2.200507624199821,2.8088137230561525,16
2.9252722078262,-1.6125951854710805,0.4740758774942042,1.1660008495200371,-4.888719610763023,2.200342982112763,2.808877676510987,16
2.9252722078262,-1.6125951854710805,0.4740758774942042,1.1660008495200371,-4.888719610763023,2.200342982112763,2.808877676510987,16
2.9252722078262,-1.6125951854710805,0.4740758774942042,1.1660008495200371,-4.888719610763023,2.200342982112763,2.808877676510987,16
2.9252722078262,-1.6125951854710805,0.4740758774942042,1.1660008495200371,-4.888719610763023,2.200342982112763,2.808877676510987,16
2.925936914315651,-1.6126125868969223,0.47383919034174515,1.1587035022599914,-4.647306854939783,2.1984518453718533,2.8089382648891386,16
2.9252528010509105,-1.6125952363741332,0.4741384236749934,1.1628401268218982,-4.533583835902384,2.200458793701574,2.809280119410886,16
2.9252528010509105,-1.6125952363741332,0.4741384236749934,1.1628401268218982,-4.533583835902384,2.200458793701574,2.809280119410886,16
2.2687519739224364,-1.5431916783340482,0.41116070969486634,-0.5885664618266689,0.22171500362948562,-3.8887394902272563,1.1867514093854576,17
2.2687519739224364,-1.5431916783340482,0.41116070969486634,-0.5885664618266689,0.22171500362948562,-3.8887394902272563,1.1867514093854576,17
2.2687519739224364,-1.5431916783340482,0.41116070969486634,-0.5885664618266689,0.22171500362948562,-3.8887394902272563,1.1867514093854576,17
2.2687519739224364,-1.5431916783340482,0.41116070969486634,-0.5885664618266689,0.22171500362948562,-3.8887394902272563,1.1867514093854576,17
2.2687519739224364,-1.5431916783340482,0.41116070969486634,-0.5885664618266689,0.22171500362948562,-3.8887394902272563,1.1867514093854576,17
2.2687519739224364,-1.5431916783340482,0.41116070969486634,-0.5885664618266689,0.22171500362948562,-3.8887394902272563,1.1867514093854576,17
2.2687519739224364,-1.5431916783340482,0.41116070969486634,-0.5885664618266689,0.22171500362948562,-3.8887394902272563,1.1867514093854576,17
2.2687319513386317,-1.5431923238921585,0.41147469004637505,-1.6510537774039942,0.22173986863574105,-6.1687995991129245,1.533731289985537,17
2.2687319513386317,-1.5431923238921585,0.41147469004637505,-1.6510537774039942,0.22173986863574105,-6.1687995991129245,1.533731289985537,17
2.2687319513386317,-1.5431923238921585,0.41147469004637505,-1.6510537774039942,0.22173986863574105,-6.1687995991129245,1.533731289985537,17
2.9086330171020816,-1.6737268820324063,2.4274474837143414,1.714930858872272,-3.162097549170273,5.513371885595731,-2.1730419950864928,18
2.9086330171020816,-1.6737268820324063,2.4274474837143414,1.714930858872272,-3.162097549170273,5.513371885595731,-2.1730419950864928,18
2.9086330171020816,-1.6737268820324063,2.4274474837143414,1.714930858872272,-3.162097549170273,5.513371885595731,-2.1730419950864928,18
2.9086330171020816,-1.6737268820324063,2.4274474837143414,1.714930858872272,-3.162097549170273,5.513371885595731,-2.1730419950864928,18
2.908653118754879,-1.6737262090773648,2.334350399599763,1.8141876528732943,-3.161526816213131,5.496237499676869,-3.9110736465689833,18
2.908653118754879,-1.6737262090773648,2.334350399599763,1.8141876528732943,-3.161526816213131,5.496237499676869,-7.2825403808372675,18
2.908653118754879,-1.6737262090773648,2.334350399599763,1.8141876528732943,-3.161526816213131,5.496237499676869,-7.2825403808372675,18
2.908653118754879,-1.6737262090773648,2.334350399599763,1.8141876528732943,-3.161526816213131,5.496237499676869,-7.2825403808372675,18
2.908653118754879,-1.6737262090773648,2.334350399599763,1.8141876528732943,-3.161526816213131,5.496237499676869,-7.2825403808372675,18
2.908653118754879,-1.6737262090773648,2.334350399599763,1.8141876528732943,-3.161526816213131,5.496237499676869,-7.2825403808372675,18
1.720575624845844,-2.120284703136346,1.3702122429788481,-5.161556380494185,-1.412668278424382,-5.68972713987946,0.051425608132768724,19
1.720575624845844,-2.120284703136346,1.3702122429788481,-5.161556380494185,-1.412668278424382,-5.68972713987946,0.051425608132768724,19
1.720575624845844,-2.120284703136346,1.3702122429788481,-5.161556380494185,-1.412668278424382,-5.68972713987946,0.051425608132768724,19
1.720575624845844,-2.120284703136346,1.3702122429788481,-5.161556380494185,-1.412668278424382,-5.68972713987946,0.051425608132768724,19
1.720575624845844,-2.120284703136346,1.3702122429788481,-5.161556380494185,-1.412668278424382,-5.68972713987946,0.051425608132768724,19
1.720575624845844,-2.120284703136346,1.3702122429788481,-5.161556380494185,-1.412668278424382,-5.68972713987946,0.051425608132768724,19
1.7204454972964358,-2.120434581453146,1.3701769346195496,-5.66271089505604,-1.4127775994863587,-5.746161122713502,0.515249846834192,19
1.7204454972964358,-2.120434581453146,1.3701769346195496,-5.66271089505604,-1.4127775994863587,-5.746161122713502,0.515249846834192,19
1.7204454972964358,-2.120434581453146,1.3701769346195496,-5.66271089505604,-1.4127775994863587,-5.746161122713502,0.515249846834192,19
1.7204454972964358,-2.120434581453146,1.3701769346195496,-5.66271089505604,-1.4127775994863587,-5.746161122713502,0.515249846834192,19
0.7978972108837534,-1.0171929539185827,0.3844154861371757,-0.8784046777567878,0.7892003309580068,-5.538830680435819,3.0403918186178687,20
0.7979041368048456,-1.01719401419653,0.38446194214692886,-0.901614754086043,0.7898103979177983,-6.082044612797016,3.0330603154837847,20
0.7979041368048456,-1.01719401419653,0.38446194214692886,-0.901614754086043,0.7898103979177983,-6.082044612797016,3.0330603154837847,20
0.797918111415614,-1.0171944891369005,0.3845702065482285,-0.8497293917179247,0.7765674191266643,-6.128343878565908,2.9431982150660403,20
0.797918111415614,-1.0171944891369005,0.3845702065482285,-0.8497293917179247,0.7765674191266643,-6.128343878565908,2.9431982150660403,20
0.7979130114155402,-1.0171951122883012,0.3845696986835787,-0.8580267227066231,0.7767934852444051,-6.127647799504725,2.9631639920386807,20
0.7979130114155402,-1.0171951122883012,0.3845696986835787,-0.8580267227066231,0.7767934852444051,-6.127647799504725,2.9631639920386807,20
0.7979130114155402,-1.0171951122883012,0.3845696986835787,-0.8580267227066231,0.7767934852444051,-6.127647799504725,2.9631639920386807,20
0.7979130114155402,-1.0171951122883012,0.3845696986835787,-0.8580267227066231,0.7767934852444051,-6.127647799504725,2.9631639920386807,20
0.7979245571285583,-1.0171942734009538,0.3844597880941436,-0.9009402000137646,0.780863758117459,-5.469424473247373,2.9589440543604804,20
2.926608827829544,-1.6601510476213013,0.4910459594663804,1.930328885752146,-6.71299847179158,-4.228939701894472,2.780103750400748,21
2.926608827829544,-1.6601510476213013,0.4910459594663804,1.930328885752146,-6.71299847179158,-4.228939701894472,2.780103750400748,21
2.9266094064053094,-1.6601508596609587,0.4910496695833401,1.9303290950325012,-6.3741516095049615,-4.2384302937567755,2.780057018514874,21
2.9266094064053094,-1.6601508596609587,0.4910496695833401,1.9303290950325012,-6.3741516095049615,-4.2384302937567755,2.780057018514874,21
2.9266087064509545,-1.6601512840837014,0.4910469637296766,1.9303588520949648,-5.627441294358247,-4.406317691335548,2.780093793018226,21
2.9266087064509545,-1.6601512840837014,0.4910469637296766,1.9303588520949648,-5.627441294358247,-4.406317691335548,2.780093793018226,21
2.9266087064509545,-1.6601512840837014,0.4910469637296766,1.9303588520949648,-5.627441294358247,-4.406317691335548,2.780093793018226,21
2.9266087064509545,-1.6601512840837014,0.4910469637296766,1.9303588520949648,-5.627441294358247,-4.406317691335548,2.780093793018226,21
2.926608777692731,-1.6601515584506987,0.491047784939996,1.9298807287251145,-8.720606045292826,-4.557357987103743,2.7800912415389885,21
2.926608777692731,-1.6601515584506987,0.491047784939996,1.9298807287251145,-8.720606045292826,-4.557357987103743,2.7800912415389885,21
2.9841061366429833,-1.6027988973731966,1.138022526058371,0.7807280727589997,-4.150010366895727,3.4839122255645414,-4.070769237579289,22
2.9841061366429833,-1.6027988973731966,1.138022526058371,0.7807280727589997,-4.150010366895727,3.4839122255645414,-4.070769237579289,22
2.9841061366429833,-1.6027988973731966,1.138022526058371,0.7807280727589997,-4.150010366895727,3.4839122255645414,-4.070769237579289,22
2.9841061366429833,-1.6027988973731966,1.138022526058371,0.7807280727589997,-4.150010366895727,3.4839122255645414,-4.070769237579289,22
2.9841061366429833,-1.6027988973731966,1.138022526058371,0.7807280727589997,-4.150010366895727,3.4839122255645414,-4.070769237579289,22
2.9809043545254297,-1.6027771112947724,0.3913304798693377,0.7804334839351509,-4.080534870418602,2.20516696489982,-6.106370537597803,22
2.9809043545254297,-1.6027771112947724,0.3913304798693377,0.7804334839351509,-4.080534870418602,2.20516696489982,-6.106370537597803,22
2.9809043545254297,-1.6027771112947724,0.3913304798693377,0.7804334839351509,-4.080534870418602,2.20516696489982,-6.106370537597803,22
2.9824608597880724,-1.6027421549121634,0.39132590515606397,0.7804721461506046,-3.7875159768228976,2.2048700120488895,-5.895186732446784,22
2.9835462886172603,-1.6027478347034727,0.39137210110562737,0.7805064036198446,-4.149399259468779,2.2050690712727268,-5.751057339240672,22
2.9864208562305254,-1.6030340987601615,0.3699293145325442,2.1815937799624754,-3.4121450042824795,3.5168064548990055,1.2781424948544857,23
2.9864208562305254,-1.6030340987601615,0.3699293145325442,2.1815937799624754,-3.4121450042824795,3.5168064548990055,1.2781424948544857,23
2.986420078610237,-1.603033255796653,0.3695220978040953,2.181592150844219,-3.2401396024903666,3.5168085103696445,1.289457130474538,23
2.986420078610237,-1.603033255796653,0.3695220978040953,2.181592150844219,-3.2401396024903666,3.5168085103696445,1.289457130474538,23
2.9862353445407965,-1.6030332537933933,0.36846416288328965,2.1824263769583623,-3.220814084781214,3.5169038204510565,1.2972862585106866,23
2.9862353445407965,-1.6030332537933933,0.36846416288328965,2.1824263769583623,-3.220814084781214,3.5169038204510565,1.2972862585106866,23
2.986424650677536,-1.6030350662748016,0.3687531583528268,2.181543419741632,-3.322212074057359,3.516806491619793,1.2496532096220863,23
2.986424650677536,-1.6030350662748016,0.3687531583528268,2.181543419741632,-3.322212074057359,3.516806491619793,1.2496532096220863,23
2.986424650677536,-1.6030350662748016,0.3687531583528268,2.181543419741632,-3.322212074057359,3.516806491619793,1.2496532096220863,23
2.986424650677536,-1.6030350662748016,0.3687531583528268,2.181543419741632,-3.322212074057359,3.516806491619793,1.2496532096220863,23
2.966780378588952,-1.58716774158122,0.15504189900597326,5.554845206885922,-1.7298314597368158,-2.408981917141795,-7.6315940340464525,24
2.966780378588952,-1.58716774158122,0.15504189900597326,5.554845206885922,-1.7298314597368158,-2.408981917141795,-7.6315940340464525,24
2.966780378588952,-1.58716774158122,0.15504189900597326,5.554845206885922,-1.7298314597368158,-2.408981917141795,-7.6315940340464525,24
2.966780378588952,-1.58716774158122,0.15504189900597326,5.554845206885922,-1.7298314597368158,-2.408981917141795,-7.6315940340464525,24
2.96821292693507,-1.5872299264053458,0.1547730591423257,5.540564657603111,-1.72953193135743,-1.9755537638394658,-1.987912589549478,24
2.968124270839356,-1.587281718152806,0.15521585735058777,5.516265106958615,-1.7296547163742835,-2.6078152347468904,-1.9674799756410364,24
2.968124270839356,-1.587281718152806,0.15521585735058777,5.516265106958615,-1.7296547163742835,-2.6078152347468904,-1.9674799756410364,24
2.9682244402574147,-1.587232155255693,0.15494318117452696,5.500990833237324,-1.7298005598115398,-2.612715234811592,-1.9681651746409166,24
2.9682244402574147,-1.587232155255693,0.15494318117452696,5.500990833237324,-1.7298005598115398,-2.612715234811592,-1.9681651746409166,24
2.9682244402574147,-1.587232155255693,0.15494318117452696,5.500990833237324,-1.7298005598115398,-2.612715234811592,-1.9681651746409166,24
7.567127109963174,-1.200368798815086,0.5707368045734695,0.3040830570653872,-2.0443652761736835,4.8961565203432205,1.3064822106523504,25
7.567127109963174,-1.200368798815086,0.5707368045734695,0.3040830570653872,-2.0443652761736835,4.8961565203432205,1.3064822106523504,25
7.567127109963174,-1.200368798815086,0.5707368045734695,0.3040830570653872,-2.0443652761736835,4.8961565203432205,1.3064822106523504,25
7.567127109963174,-1.200368798815086,0.5707368045734695,0.3040830570653872,-2.0443652761736835,4.8961565203432205,1.3064822106523504,25
7.567127109963174,-1.200368798815086,0.5707368045734695,0.3040830570653872,-2.0443652761736835,4.8961565203432205,1.3064822106523504,25
7.492987617582294,-1.2003709817517367,0.5707322584056864,0.3042268304918665,-2.0338236692689575,2.9477603350549213,0.9543153028330794,25
7.492987617582294,-1.2003709817517367,0.5707322584056864,0.3042268304918665,-2.0338236692689575,2.9477603350549213,0.9543153028330794,25
7.492987617582294,-1.2003709817517367,0.5707322584056864,0.3042268304918665,-2.0338236692689575,2.9477603350549213,0.9543153028330794,25
7.492987617582294,-1.2003709817517367,0.5707322584056864,0.3042268304918665,-2.0338236692689575,2.9477603350549213,0.9543153028330794,25
7.492987617582294,-1.2003709817517367,0.5707322584056864,0.3042268304918665,-2.0338236692689575,2.9477603350549213,0.9543153028330794,25
2.6649007219963687,-1.7643793920100523,0.8501974224700573,0.9282856077564476,-2.7873252001345983,1.8955634499172602,4.079058284692714,26
2.6649007219963687,-1.7643793920100523,0.8501974224700573,0.9282856077564476,-2.7873252001345983,1.8955634499172602,4.079058284692714,26
2.666989079752622,-1.7647173593202794,0.8501497301442419,0.9479654167821577,-2.7339670701851273,1.8868517047565652,4.382736237377019,26
2.66634478942676,-1.8682661211448808,0.8500142622713762,0.9440806165528186,-2.9438366913072747,1.886776661683809,4.943630962576465,26
2.66634478942676,-1.8682661211448808,0.8500142622713762,0.9440806165528186,-2.9438366913072747,1.886776661683809,4.943630962576465,26
2.66634478942676,-1.8682661211448808,0.8500142622713762,0.9440806165528186,-2.9438366913072747,1.886776661683809,4.943630962576465,26
2.66634478942676,-1.8682661211448808,0.8500142622713762,0.9440806165528186,-2.9438366913072747,1.886776661683809,4.943630962576465,26
2.667755444805637,-1.8683147907553015,0.8503447382633209,0.936819995428802,-2.830113631075046,1.8948586608775195,4.801969061711623,26
2.667755444805637,-1.8683147907553015,0.8503447382633209,0.936819995428802,-2.830113631075046,1.8948586608775195,4.801969061711623,26
2.667755444805637,-1.8683147907553015,0.8503447382633209,0.936819995428802,-2.830113631075046,1.8948586608775195,4.801969061711623,26
2.991319285156571,-1.5724987030917978,0.1599430342462024,2.8566857030904935,-1.6259610674836829,3.7268516328223793,-5.600413547270307,27
2.991331407957696,-1.572483611134551,0.15994237532451827,2.8520376080464866,-1.889256023174324,3.7410148719306338,-4.56790216045001,27
2.991331407957696,-1.572483611134551,0.15994237532451827,2.8520376080464866,-1.889256023174324,3.7410148719306338,-4.56790216045001,27
2.991331407957696,-1.572483611134551,0.15994237532451827,2.8520376080464866,-1.889256023174324,3.7410148719306338,-4.56790216045001,27
2.991359688436819,-1.5724825958032784,0.1599587130376004,2.8562744893598278,-1.959143491336655,3.745227498741376,-4.377520099689495,27
2.991359688436819,-1.5724825958032784,0.1599587130376004,2.8562744893598278,-1.959143491336655,3.745227498741376,-4.377520099689495,27
2.991359688436819,-1.5724825958032784,0.1599587130376004,2.8562744893598278,-1.959143491336655,3.745227498741376,-4.377520099689495,27
2.991359688436819,-1.5724825958032784,0.1599587130376004,2.8562744893598278,-1.959143491336655,3.745227498741376,-4.377520099689495,27
2.991359688436819,-1.5724825958032784,0.1599587130376004,2.8562744893598278,-1.959143491336655,3.745227498741376,-4.377520099689495,27
2.9912954531616327,-1.5724894219117584,0.1601206158678357,2.855076664006933,-1.8770749889930272,3.7288555504594463,-5.778674191614147,27
9.499578346844714,-0.764710939489219,0.6499722047681875,-0.35930993993873633,6.14234307994132,5.316356353648643,1.7528105980042135,28
6.523634113913124,-1.4119094633974802,0.6561386084235602,-0.5100578967010878,6.142161852631986,5.273383534710909,5.721030104650131,28
6.523634113913124,-1.4119094633974802,0.6561386084235602,-0.5100578967010878,6.142161852631986,5.273383534710909,5.721030104650131,28
6.523634113913124,-1.4119094633974802,0.6561386084235602,-0.5100578967010878,6.142161852631986,5.273383534710909,5.721030104650131,28
6.523651276277924,-1.498235191092149,0.6786811130661106,-0.611502414502638,6.142048445545667,5.295326142016037,2.8499014292688227,28
6.523651276277924,-1.498235191092149,0.6786811130661106,-0.611502414502638,6.142048445545667,5.295326142016037,2.8499014292688227,28
6.523651276277924,-1.498235191092149,0.6786811130661106,-0.611502414502638,6.142048445545667,5.295326142016037,2.8499014292688227,28
6.523651276277924,-1.498235191092149,0.6786811130661106,-0.611502414502638,6.142048445545667,5.295326142016037,2.8499014292688227,28
6.523651276277924,-1.498235191092149,0.6786811130661106,-0.611502414502638,6.142048445545667,5.295326142016037,2.8499014292688227,28
6.523651022982013,-1.4982351392910431,0.6711363643058736,-0.8691898967157395,6.142067065769168,5.296423288675322,2.8907934322904567,28
2.795772764375737,-1.742214070206793,2.719230735846456,1.3747673236145221,-5.502134754244168,5.327068624754991,-4.624211878485023,29
2.795772764375737,-1.742214070206793,2.719230735846456,1.3747673236145221,-5.502134754244168,5.327068624754991,-4.624211878485023,29
2.795682644197916,-1.7438032956966278,2.7173154099193946,1.3749611229680099,-5.6100815822780055,5.326898152154829,0.42918629312399004,29
2.795682644197916,-1.7438032956966278,2.7173154099193946,1.3749611229680099,-5.6100815822780055,5.326898152154829,0.42918629312399004,29
2.795682644197916,-1.7438032956966278,2.7173154099193946,1.3749611229680099,-5.6100815822780055,5.326898152154829,0.42918629312399004,29
2.795682644197916,-1.7438032956966278,2.7173154099193946,1.3749611229680099,-5.6100815822780055,5.326898152154829,0.42918629312399004,29
2.795682644197916,-1.7438032956966278,2.7173154099193946,1.3749611229680099,-5.6100815822780055,5.326898152154829,0.42918629312399004,29
2.795682644197916,-1.7438032956966278,2.7173154099193946,1.3749611229680099,-5.6100815822780055,5.326898152154829,0.42918629312399004,29
2.795682644197916,-1.7438032956966278,2.7173154099193946,1.3749611229680099,-5.6100815822780055,5.326898152154829,0.42918629312399004,29
2.795682644197916,-1.7438032956966278,2.7173154099193946,1.3749611229680099,-5.6100815822780055,5.326898152154829,0.42918629312399004,29
